1,John Smith,,13,224,Red,Mr. Test,2017-05-01,2017-05-18
2,George Bush,,14,226,Blue,Mr. Test,2017-05-02,2017-05-19
3,Bill Clinton,,14,226,Yellow,Mr. Test,2017-05-03,2017-05-20
4,Emma Stone,,17,245,Green,Mr. Test,2017-05-04,2017-05-21
5,Anna Kendrick,,9,154,Red,Mr. Test,2017-05-05,2017-05-22
6,Matt Daemon,,10,168,Blue,Mr. Quiz,2017-05-06,2017-05-23
7,Tony Stark,,17,157,Yellow,Mr. Quiz,2017-05-07,2017-05-24
8,Emma Watson,,15,157,Green,Mr. Quiz,2017-05-08,2017-05-25
9,Scarlett Johansson,,16,256,Red,Mr. Quiz,2017-05-09,2017-05-26
10,Bruno Mars,,14,113,Blue,Mr. Quiz,2017-05-10,2017-05-27
11,Squidward,,14,124,Yellow,Mr. Test,2017-05-11,2017-05-28
12,Spongebob,,15,516,Green,Mr. Exam,2017-05-12,2017-05-29
13,Patrick,,15,232,Red,Mr. Exam,2017-05-13,2017-05-30
14,Batman,,9,252,Blue,Mr. Quiz,2017-05-14,2017-05-31
15,Captain America,,12,441,Yellow,Mr. Test,2017-05-15,2017-06-01
16,Neil Patrick Harris,,16,345,Green,Mr. Pop Quiz,2017-05-16,2017-06-02
17,John Snow,,17,234,Red,Mr. Pop Quiz,2017-05-17,2017-06-03
18,Squall Leonhart,,17,356,Blue,Mr. Quiz,2017-05-18,2017-06-04
